district,mandal
"Alluri Sitharama Raju district","Chintapalle mandal"
"Alluri Sitharama Raju district","Chintur mandal"
"Alluri Sitharama Raju district","Etapaka mandal"
"Alluri Sitharama Raju district","Kunavaram mandal"
"Alluri Sitharama Raju district","Vararamachandrapuram mandal"
"Alluri Sitharama Raju district","Ananthagiri mandal"
"Alluri Sitharama Raju district","Araku Valley mandal"
"Alluri Sitharama Raju district","Dumbriguda mandal"
"Alluri Sitharama Raju district","G. Madugula mandal"
"Alluri Sitharama Raju district","Gudem Kotha Veedhi mandal"
"Alluri Sitharama Raju district","Hukumpeta mandal"
"Alluri Sitharama Raju district","Koyyuru mandal"
"Alluri Sitharama Raju district","Paderu mandal"
"Alluri Sitharama Raju district","Peda Bayalu mandal"
"Alluri Sitharama Raju district","Addateegala mandal"
"Alluri Sitharama Raju district","Devipatnam mandal"
"Alluri Sitharama Raju district","Gangavaram mandal"
"Alluri Sitharama Raju district","Maredumilli mandal"
"Alluri Sitharama Raju district","Munchingi Puttu mandal"
"Anakapalli district","Anakapalle mandal"
"Anakapalli district","Bheemunipatnam mandal"
"Anakapalli district","Chodavaram mandal"
"Anakapalli district","Devarapalle mandal"
"Anakapalli district","Kasimkota mandal"
"Anakapalli district","Kotauratla mandal"
"Anakapalli district","Makavarapalem mandal"
"Anakapalli district","Munagapaka mandal"
"Anakapalli district","Nakkapalle mandal"
"Anakapalli district","Paravada mandal"
"Anakapalli district","Rambilli mandal"
"Anakapalli district","Ravikamatham mandal"
"Anakapalli district","Sabbavaram mandal"
"Anakapalli district","Sankhavaram mandal"
"Anakapalli district","Yelamanchili mandal"
"Anantapur district","Agali mandal"
"Anantapur district","Amarapuram mandal"
"Anantapur district","Anantapur mandal"
"Anantapur district","Atmakur mandal"
"Anantapur district","Bathalapalle mandal"
"Anantapur district","Beluguppa mandal"
"Anantapur district","Bommanahal mandal"
"Anantapur district","Brahmasamudram mandal"
"Anantapur district","Bukkarayasamudram mandal"
"Anantapur district","Bukkapatnam mandal"
"Anantapur district","Chennekothapalle mandal"
"Anantapur district","Chilamathur mandal"
"Anantapur district","D.Hirehal mandal"
"Anantapur district","Dharmavaram mandal"
"Anantapur district","Gandlapenta mandal"
"Anantapur district","Garladinne mandal"
"Anantapur district","Gooty mandal"
"Anantapur district","Gorantla mandal"
"Anantapur district","Gudibanda mandal"
"Anantapur district","Gummagatta mandal"
"Anantapur district","Guntakal mandal"
"Anantapur district","Hindupur mandal"
"Anantapur district","Kadiri mandal"
"Anantapur district","Kalyandurg mandal"
"Anantapur district","Kanaganapalle mandal"
"Anantapur district","Kambadur mandal"
"Anantapur district","Kanekal mandal"
"Anantapur district","Kudair mandal"
"Anantapur district","Kuderu mandal"
"Anantapur district","Kundurpi mandal"
"Anantapur district","Lepakshi mandal"
"Anantapur district","Madakasira mandal"
"Anantapur district","Mudigubba mandal"
"Anantapur district","Nallacheruvu mandal"
"Anantapur district","Nallamada mandal"
"Anantapur district","Nambulapulakunta mandal"
"Anantapur district","Obuladevaracheruvu mandal"
"Anantapur district","Pamidi mandal"
"Anantapur district","Parigi mandal"
"Anantapur district","Pedda Vadagur mandal"
"Anantapur district","Peddapappur mandal"
"Anantapur district","Penu Konda mandal"
"Anantapur district","Putlur mandal"
"Anantapur district","Raptadu mandal"
"Anantapur district","Rayadurg mandal"
"Anantapur district","Roddam mandal"
"Anantapur district","Rollapenta mandal"
"Anantapur district","Settur mandal"
"Anantapur district","Singanamala mandal"
"Anantapur district","Somandepalle mandal"
"Anantapur district","Tadimarri mandal"
"Anantapur district","Tadipatri mandal"
"Anantapur district","Talupula mandal"
"Anantapur district","Tanakal mandal"
"Anantapur district","Uravakonda mandal"
"Anantapur district","Vajrakarur mandal"
"Anantapur district","Vidapanakal mandal"
"Anantapur district","Yellanur mandal"
"Anantapur district","Yerraguntla mandal"
"Annamayya district","Badvel mandal"
"Annamayya district","Brahmamgarimattam mandal"
"Annamayya district","Chakrayapet mandal"
"Annamayya district","Chapad mandal"
"Annamayya district","Chinnamandem mandal"
"Annamayya district","Chitvel mandal"
"Annamayya district","Duvvur mandal"
"Annamayya district","Galiveedu mandal"
"Annamayya district","Gopavaram mandal"
"Annamayya district","Kalikiri mandal"
"Annamayya district","Kamalapuram mandal"
"Annamayya district","Kodur mandal"
"Annamayya district","Lakkireddipalle mandal"
"Annamayya district","Muddanur mandal"
"Annamayya district","Nandalur mandal"
"Annamayya district","Obulavaripalle mandal"
"Annamayya district","Porumamilla mandal"
"Annamayya district","Pullampeta mandal"
"Annamayya district","Rajampet mandal"
"Annamayya district","Sidhout mandal"
"Annamayya district","T Sundupalle mandal"
"Annamayya district","Vallur mandal"
"Annamayya district","Veeraballe mandal"
"Annamayya district","Vontimitta mandal"
"Bapatla district","Bapatla mandal"
"Bapatla district","Cherukupalle mandal"
"Bapatla district","Duggirala mandal"
"Bapatla district","Karlapalem mandal"
"Bapatla district","Kollipara mandal"
"Bapatla district","Kolluru mandal"
"Bapatla district","Nizampatnam mandal"
"Bapatla district","Parchur mandal"
"Bapatla district","Repalle mandal"
"Bapatla district","Sangam mandal"
"Bapatla district","Tenali mandal"
"Bapatla district","Tsundur mandal"
"Bapatla district","Vemuru mandal"
"Chittoor district","B.Kothakota mandal"
"Chittoor district","Chandragiri mandal"
"Chittoor district","Chittoor mandal"
"Chittoor district","Gangadhara Nellore mandal"
"Chittoor district","Gudipala mandal"
"Chittoor district","Gurramkonda mandal"
"Chittoor district","Irala mandal"
"Chittoor district","K.V.B.Puram mandal"
"Chittoor district","Kalakada mandal"
"Chittoor district","Kuppam mandal"
"Chittoor district","Madanapalle mandal"
"Chittoor district","Mulakalacheruvu mandal"
"Chittoor district","Narayanavanam mandal"
"Chittoor district","Nimmanapalle mandal"
"Chittoor district","Palamaner mandal"
"Chittoor district","Peddapanjani mandal"
"Chittoor district","Penumuru mandal"
"Chittoor district","Pichatur mandal"
"Chittoor district","Pulicherla mandal"
"Chittoor district","Punganur mandal"
"Chittoor district","Puthalapattu mandal"
"Chittoor district","Ramasamudram mandal"
"Chittoor district","Satyavedu mandal"
"Chittoor district","Srirangarajapuram mandal"
"Chittoor district","Thamballapalle mandal"
"Chittoor district","Thavanampalle mandal"
"Chittoor district","Tirupati mandal"
"Chittoor district","Varadaiahpalem mandal"
"Chittoor district","Vedurukuppam mandal"
"Chittoor district","Venkatagirikota mandal"
"Chittoor district","Yerpedu mandal"
"Dr. B.R. Ambedkar Konaseema district","Allavaram mandal"
"Dr. B.R. Ambedkar Konaseema district","Amalapuram mandal"
"Dr. B.R. Ambedkar Konaseema district","Atreyapuram mandal"
"Dr. B.R. Ambedkar Konaseema district","I.Polavaram mandal"
"Dr. B.R. Ambedkar Konaseema district","Kajuluru mandal"
"Dr. B.R. Ambedkar Konaseema district","Katrenikona mandal"
"Dr. B.R. Ambedkar Konaseema district","Kothapalle mandal"
"Dr. B.R. Ambedkar Konaseema district","Mandapeta mandal"
"Dr. B.R. Ambedkar Konaseema district","Mummidivaram mandal"
"Dr. B.R. Ambedkar Konaseema district","P.Gannavaram mandal"
"Dr. B.R. Ambedkar Konaseema district","Razole mandal"
"Dr. B.R. Ambedkar Konaseema district","Sakhinetipalle mandal"
"Dr. B.R. Ambedkar Konaseema district","Uppalaguptam mandal"
"East Godavari district","Addateegala mandal"
"East Godavari district","Ainavilli mandal"
"East Godavari district","Alamuru mandal"
"East Godavari district","Ambajipeta mandal"
"East Godavari district","Anaparthy mandal"
"East Godavari district","Atreyapuram mandal"
"East Godavari district","Biccavolu mandal"
"East Godavari district","Devipatnam mandal"
"East Godavari district","Gandepalle mandal"
"East Godavari district","Gangavaram mandal"
"East Godavari district","Gokavaram mandal"
"East Godavari district","Jaggampeta mandal"
"East Godavari district","Kadiam mandal"
"East Godavari district","Kapileswarapuram mandal"
"East Godavari district","Korukonda mandal"
"East Godavari district","Kothapalle mandal"
"East Godavari district","Kovvur mandal"
"East Godavari district","Mandapeta mandal"
"East Godavari district","Maredumilli mandal"
"East Godavari district","Mummidivaram mandal"
"East Godavari district","Nallajerla mandal"
"East Godavari district","P.Gannavaram mandal"
"East Godavari district","Pithapuram mandal"
"East Godavari district","Prathipadu mandal"
"East Godavari district","Rajanagaram mandal"
"East Godavari district","Rampachodavaram mandal"
"East Godavari district","Rangampeta mandal"
"East Godavari district","Ravulapalem mandal"
"East Godavari district","Razole mandal"
"East Godavari district","Sakhinetipalle mandal"
"East Godavari district","Samalkota mandal"
"East Godavari district","Seethanagaram mandal"
"East Godavari district","Thallarevu mandal"
"East Godavari district","Thondangi mandal"
"East Godavari district","Tuni mandal"
"East Godavari district","Uppalaguptam mandal"
"East Godavari district","Yeleswaram mandal"
"Eluru district","Achanta mandal"
"Eluru district","Akividu mandal"
"Eluru district","Attili mandal"
"Eluru district","Bhimavaram mandal"
"Eluru district","Buttayagudem mandal"
"Eluru district","Chintalapudi mandal"
"Eluru district","Devarapalle mandal"
"Eluru district","Dwaraka Tirumala mandal"
"Eluru district","Eluru mandal"
"Eluru district","Gopalapuram mandal"
"Eluru district","Iragavaram mandal"
"Eluru district","Jangareddigudem mandal"
"Eluru district","Kamavarapukota mandal"
"Eluru district","Koyyalagudem mandal"
"Eluru district","Kovvur mandal"
"Eluru district","Lingapalem mandal"
"Eluru district","Mogalthur mandal"
"Eluru district","Nallajerla mandal"
"Eluru district","Narsapuram mandal"
"Eluru district","Nidadavole mandal"
"Eluru district","Palacoderu mandal"
"Eluru district","Pentapadu mandal"
"Eluru district","Peravali mandal"
"Eluru district","Polavaram mandal"
"Eluru district","T.Narasapuram mandal"
"Eluru district","Tadepalligudem mandal"
"Eluru district","Tanuku mandal"
"Eluru district","Undi mandal"
"Eluru district","Undrajavaram mandal"
"Eluru district","Veeravasaram mandal"
"Eluru district","Vijayarai mandal"
"Eluru district","Viravalli mandal"
"Guntur district","Amaravathi mandal"
"Guntur district","Bapatla mandal"
"Guntur district","Bhattiprolu mandal"
"Guntur district","Chebrole mandal"
"Guntur district","Cherukupalle mandal"
"Guntur district","Dachepalle mandal"
"Guntur district","Duggirala mandal"
"Guntur district","Guntur mandal"
"Guntur district","Karlapalem mandal"
"Guntur district","Kollipara mandal"
"Guntur district","Kolluru mandal"
"Guntur district","Krosuru mandal"
"Guntur district","Machavaram mandal"
"Guntur district","Macherla mandal"
"Guntur district","Mangalagiri mandal"
"Guntur district","Medikonduru mandal"
"Guntur district","Nadendla mandal"
"Guntur district","Nizampatnam mandal"
"Guntur district","Parchur mandal"
"Guntur district","Pedakakani mandal"
"Guntur district","Pedanandipadu mandal"
"Guntur district","Phirangipuram mandal"
"Guntur district","Prathipadu mandal"
"Guntur district","Repalle mandal"
"Guntur district","Sangam mandal"
"Guntur district","Sattenapalle mandal"
"Guntur district","Tadepalle mandal"
"Guntur district","Tenali mandal"
"Guntur district","Thadepalle mandal"
"Guntur district","Thullur mandal"
"Guntur district","Tsundur mandal"
"Guntur district","Vemuru mandal"
"Guntur district","Vetapalem mandal"
"Krishna district","A.Konduru mandal"
"Krishna district","Agiripalle mandal"
"Krishna district","Avanigadda mandal"
"Krishna district","Bantumilli mandal"
"Krishna district","Bapulapadu mandal"
"Krishna district","Chandarlapadu mandal"
"Krishna district","G.Konduru mandal"
"Krishna district","Gampalagudem mandal"
"Krishna district","Gannavaram mandal"
"Krishna district","Gudivada mandal"
"Krishna district","Gudlavalleru mandal"
"Krishna district","Guduru mandal"
"Krishna district","Ibrahimpatnam mandal"
"Krishna district","Jaggayyapeta mandal"
"Krishna district","Kanchikacherla mandal"
"Krishna district","Kankipadu mandal"
"Krishna district","Kaikalur mandal"
"Krishna district","Koduru mandal"
"Krishna district","Kruthivennu mandal"
"Krishna district","Machilipatnam mandal"
"Krishna district","Mopidevi mandal"
"Krishna district","Movva mandal"
"Krishna district","Mudinepalle mandal"
"Krishna district","Musunuru mandal"
"Krishna district","Nagayalanka mandal"
"Krishna district","Nandigama mandal"
"Krishna district","Nandivada mandal"
"Krishna district","Nuzvid mandal"
"Krishna district","Pamarru mandal"
"Krishna district","Pedana mandal"
"Krishna district","Penamaluru mandal"
"Krishna district","Penuganchiprolu mandal"
"Krishna district","Reddigudem mandal"
"Krishna district","Thotlavalluru mandal"
"Krishna district","Tiruvuru mandal"
"Krishna district","Unguturu mandal"
"Krishna district","Vatsavai mandal"
"Krishna district","Veerullapadu mandal"
"Krishna district","Vijayawada mandal"
"Krishna district","Vissannapeta mandal"
"Krishna district","Vuyyuru mandal"
"Kurnool district","Adoni mandal"
"Kurnool district","Alur mandal"
"Kurnool district","Aspari mandal"
"Kurnool district","Atmakur mandal"
"Kurnool district","Banaganapalle mandal"
"Kurnool district","Bandi Atmakur mandal"
"Kurnool district","Chagalamarri mandal"
"Kurnool district","C.Belagal mandal"
"Kurnool district","Devanakonda mandal"
"Kurnool district","Devaraopet mandal"
"Kurnool district","Dhone mandal"
"Kurnool district","Gadivemula mandal"
"Kurnool district","Gonegandla mandal"
"Kurnool district","Gudur mandal"
"Kurnool district","Halaharvi mandal"
"Kurnool district","Holagunda mandal"
"Kurnool district","Jupadu Bungalow mandal"
"Kurnool district","Kallur mandal"
"Kurnool district","Kodumur mandal"
"Kurnool district","Koilkuntla mandal"
"Kurnool district","Kolimigundla mandal"
"Kurnool district","Kosigi mandal"
"Kurnool district","Kothapalle mandal"
"Kurnool district","Kowthalam mandal"
"Kurnool district","Krishnagiri mandal"
"Kurnool district","Kurnool mandal"
"Kurnool district","Maddikera mandal"
"Kurnool district","Mantralayam mandal"
"Kurnool district","Miduthur mandal"
"Kurnool district","Nandavaram mandal"
"Kurnool district","Nandikotkur mandal"
"Kurnool district","Orvakal mandal"
"Kurnool district","Owk mandal"
"Kurnool district","Pagidyala mandal"
"Kurnool district","Pamulapadu mandal"
"Kurnool district","Panyam mandal"
"Kurnool district","Pattikonda mandal"
"Kurnool district","Peapally mandal"
"Kurnool district","Pedda Kadubur mandal"
"Kurnool district","Rudravaram mandal"
"Kurnool district","Sanjamala mandal"
"Kurnool district","Sirvel mandal"
"Kurnool district","Tuggali mandal"
"Kurnool district","Uyyalawada mandal"
"Kurnool district","Veldurthi mandal"
"Kurnool district","Velgode mandal"
"Kurnool district","Yemmiganur mandal"
"Nandyal district","Allagadda mandal"
"Nandyal district","Banaganapalle mandal"
"Nandyal district","Bethamcherla mandal"
"Nandyal district","Chagalamarri mandal"
"Nandyal district","Dhone mandal"
"Nandyal district","Gadivemula mandal"
"Nandyal district","Gonegandla mandal"
"Nandyal district","Kallur mandal"
"Nandyal district","Koilkuntla mandal"
"Nandyal district","Kolimigundla mandal"
"Nandyal district","Krishnagiri mandal"
"Nandyal district","Maddikera mandal"
"Nandyal district","Nandyal mandal"
"Nandyal district","Orvakal mandal"
"Nandyal district","Owk mandal"
"Nandyal district","Pamulapadu mandal"
"Nandyal district","Panyam mandal"
"Nandyal district","Rudravaram mandal"
"Nandyal district","Sanjamala mandal"
"Nandyal district","Sirvel mandal"
"Nandyal district","Tuggali mandal"
"Nandyal district","Uyyalawada mandal"
"Nandyal district","Veldurthi mandal"
"Nandyal district","Velgode mandal"
"NTR district","A.Konduru mandal"
"NTR district","Agiripalle mandal"
"NTR district","Bapulapadu mandal"
"NTR district","Chandarlapadu mandal"
"NTR district","G.Konduru mandal"
"NTR district","Gampalagudem mandal"
"NTR district","Gannavaram mandal"
"NTR district","Gudivada mandal"
"NTR district","Gudlavalleru mandal"
"NTR district","Guduru mandal"
"NTR district","Ibrahimpatnam mandal"
"NTR district","Jaggayyapeta mandal"
"NTR district","Kanchikacherla mandal"
"NTR district","Kankipadu mandal"
"NTR district","Koduru mandal"
"NTR district","Machilipatnam mandal"
"NTR district","Mopidevi mandal"
"NTR district","Movva mandal"
"NTR district","Mudinepalle mandal"
"NTR district","Musunuru mandal"
"NTR district","Nagayalanka mandal"
"NTR district","Nandigama mandal"
"NTR district","Nandivada mandal"
"NTR district","Nuzvid mandal"
"NTR district","Pamarru mandal"
"NTR district","Pedana mandal"
"NTR district","Penamaluru mandal"
"NTR district","Penuganchiprolu mandal"
"NTR district","Reddigudem mandal"
"NTR district","Thotlavalluru mandal"
"NTR district","Tiruvuru mandal"
"NTR district","Unguturu mandal"
"NTR district","Vatsavai mandal"
"NTR district","Veerullapadu mandal"
"NTR district","Vijayawada mandal"
"NTR district","Vissannapeta mandal"
"NTR district","Vuyyuru mandal"
"Palnadu district","Amaravathi mandal"
"Palnadu district","Bhattiprolu mandal"
"Palnadu district","Chebrole mandal"
"Palnadu district","Dachepalle mandal"
"Palnadu district","Guntur mandal"
"Palnadu district","Krosuru mandal"
"Palnadu district","Machavaram mandal"
"Palnadu district","Macherla mandal"
"Palnadu district","Mangalagiri mandal"
"Palnadu district","Medikonduru mandal"
"Palnadu district","Nadendla mandal"
"Palnadu district","Pedakakani mandal"
"Palnadu district","Pedanandipadu mandal"
"Palnadu district","Phirangipuram mandal"
"Palnadu district","Prathipadu mandal"
"Palnadu district","Sattenapalle mandal"
"Palnadu district","Tadepalle mandal"
"Palnadu district","Thadepalle mandal"
"Palnadu district","Thullur mandal"
"Palnadu district","Vetapalem mandal"
"Parvathipuram Manyam district","Bondapalle mandal"
"Parvathipuram Manyam district","Gajapathinagaram mandal"
"Parvathipuram Manyam district","Gurla mandal"
"Parvathipuram Manyam district","Jiyyammavalasa mandal"
"Parvathipuram Manyam district","Komarada mandal"
"Parvathipuram Manyam district","Kurupam mandal"
"Parvathipuram Manyam district","Lakkavarapukota mandal"
"Parvathipuram Manyam district","Mentada mandal"
"Parvathipuram Manyam district","Parvathipuram mandal"
"Parvathipuram Manyam district","Seethanagaram mandal"
"Parvathipuram Manyam district","Vepada mandal"
"Prakasam district","Addanki mandal"
"Prakasam district","Ardhaveedu mandal"
"Prakasam district","Ballikurava mandal"
"Prakasam district","Bestawaripeta mandal"
"Prakasam district","Chimakurthi mandal"
"Prakasam district","Chirala mandal"
"Prakasam district","C.S.Puram mandal"
"Prakasam district","Darsi mandal"
"Prakasam district","Donakonda mandal"
"Prakasam district","Dornala mandal"
"Prakasam district","Giddalur mandal"
"Prakasam district","Gudluru mandal"
"Prakasam district","Hanumanthunipadu mandal"
"Prakasam district","Inkollu mandal"
"Prakasam district","Jangareddigudem mandal"
"Prakasam district","Kandukur mandal"
"Prakasam district","Kanigiri mandal"
"Prakasam district","Karumanchi mandal"
"Prakasam district","Kompalle mandal"
"Prakasam district","Konakanamitla mandal"
"Prakasam district","Korisapadu mandal"
"Prakasam district","Kurichedu mandal"
"Prakasam district","Lingasamudram mandal"
"Prakasam district","Maddipadu mandal"
"Prakasam district","Markapur mandal"
"Prakasam district","Martur mandal"
"Prakasam district","Mundlamuru mandal"
"Prakasam district","Naguluppala Padu mandal"
"Prakasam district","Ongole mandal"
"Prakasam district","Pamur mandal"
"Prakasam district","Parchur mandal"
"Prakasam district","Pedacherlo Palle mandal"
"Prakasam district","Peddaraveedu mandal"
"Prakasam district","Ponnaluru mandal"
"Prakasam district","Pullalacheruvu mandal"
"Prakasam district","Racherla mandal"
"Prakasam district","Santhamaguluru mandal"
"Prakasam district","Santhanuthalapadu mandal"
"Prakasam district","Singarayakonda mandal"
"Prakasam district","Tallur mandal"
"Prakasam district","Tangutur mandal"
"Prakasam district","Tarlupadu mandal"
"Prakasam district","Tripuranthakam mandal"
"Prakasam district","Ulavapadu mandal"
"Prakasam district","Veligandla mandal"
"Prakasam district","Vetapalem mandal"
"Prakasam district","Voletivaripalem mandal"
"Prakasam district","Yerragondapalem mandal"
"Prakasam district","Zarugumilli mandal"
"Sri Potti Sriramulu Nellore district","Allur mandal"
"Sri Potti Sriramulu Nellore district","Ananthasagaram mandal"
"Sri Potti Sriramulu Nellore district","Anumasamudrampeta mandal"
"Sri Potti Sriramulu Nellore district","Atmakur mandal"
"Sri Potti Sriramulu Nellore district","Balayapalle mandal"
"Sri Potti Sriramulu Nellore district","Bogole mandal"
"Sri Potti Sriramulu Nellore district","Butchireddipalem mandal"
"Sri Potti Sriramulu Nellore district","Chejerla mandal"
"Sri Potti Sriramulu Nellore district","Chittamur mandal"
"Sri Potti Sriramulu Nellore district","Dakkili mandal"
"Sri Potti Sriramulu Nellore district","Doravarisatram mandal"
"Sri Potti Sriramulu Nellore district","Duttalur mandal"
"Sri Potti Sriramulu Nellore district","Gudur mandal"
"Sri Potti Sriramulu Nellore district","Indukurpet mandal"
"Sri Potti Sriramulu Nellore district","Kaluvoya mandal"
"Sri Potti Sriramulu Nellore district","Kandamur mandal"
"Sri Potti Sriramulu Nellore district","Kavali mandal"
"Sri Potti Sriramulu Nellore district","Kodavalur mandal"
"Sri Potti Sriramulu Nellore district","Kondapuram mandal"
"Sri Potti Sriramulu Nellore district","Kota mandal"
"Sri Potti Sriramulu Nellore district","Manubolu mandal"
"Sri Potti Sriramulu Nellore district","Marripadu mandal"
"Sri Potti Sriramulu Nellore district","Muthukur mandal"
"Sri Potti Sriramulu Nellore district","Naidupeta mandal"
"Sri Potti Sriramulu Nellore district","Nellore mandal"
"Sri Potti Sriramulu Nellore district","Ozili mandal"
"Sri Potti Sriramulu Nellore district","Pellakur mandal"
"Sri Potti Sriramulu Nellore district","Podalakur mandal"
"Sri Potti Sriramulu Nellore district","Rapur mandal"
"Sri Potti Sriramulu Nellore district","Sangam mandal"
"Sri Potti Sriramulu Nellore district","Seetharamapuram mandal"
"Sri Potti Sriramulu Nellore district","Sullurpeta mandal"
"Sri Potti Sriramulu Nellore district","Sydapuram mandal"
"Sri Potti Sriramulu Nellore district","Tada mandal"
"Sri Potti Sriramulu Nellore district","Thotapalligudur mandal"
"Sri Potti Sriramulu Nellore district","Udayagiri mandal"
"Sri Potti Sriramulu Nellore district","Varikuntapadu mandal"
"Sri Potti Sriramulu Nellore district","Venkatachalam mandal"
"Sri Potti Sriramulu Nellore district","Vinjamur mandal"
"Sri Sathya Sai district","Amadagur mandal"
"Sri Sathya Sai district","Bukkapatnam mandal"
"Sri Sathya Sai district","Chilamathur mandal"
"Sri Sathya Sai district","Gorantla mandal"
"Sri Sathya Sai district","Gudupalle mandal"
"Sri Sathya Sai district","Hindupur mandal"
"Sri Sathya Sai district","Lepakshi mandal"
"Sri Sathya Sai district","Madakasira mandal"
"Sri Sathya Sai district","Mudigubba mandal"
"Sri Sathya Sai district","Nallamada mandal"
"Sri Sathya Sai district","Nambulapulakunta mandal"
"Sri Sathya Sai district","Obuladevaracheruvu mandal"
"Sri Sathya Sai district","Parigi mandal"
"Sri Sathya Sai district","Pedda Vadagur mandal"
"Sri Sathya Sai district","Peddapappur mandal"
"Sri Sathya Sai district","Penu Konda mandal"
"Sri Sathya Sai district","Putlur mandal"
"Sri Sathya Sai district","Raptadu mandal"
"Sri Sathya Sai district","Roddam mandal"
"Sri Sathya Sai district","Rollapenta mandal"
"Sri Sathya Sai district","Settur mandal"
"Sri Sathya Sai district","Somandepalle mandal"
"Sri Sathya Sai district","Tadimarri mandal"
"Sri Sathya Sai district","Talupula mandal"
"Sri Sathya Sai district","Tanakal mandal"
"Sri Sathya Sai district","Uravakonda mandal"
"Sri Sathya Sai district","Vajrakarur mandal"
"Sri Sathya Sai district","Vidapanakal mandal"
"Sri Sathya Sai district","Yellanur mandal"
"Sri Sathya Sai district","Yerraguntla mandal"
"Tirupati district","B.Kothakota mandal"
"Tirupati district","Chandragiri mandal"
"Tirupati district","Chittoor mandal"
"Tirupati district","Gangadhara Nellore mandal"
"Tirupati district","Gudipala mandal"
"Tirupati district","Gurramkonda mandal"
"Tirupati district","Irala mandal"
"Tirupati district","K.V.B.Puram mandal"
"Tirupati district","Kalakada mandal"
"Tirupati district","Kuppam mandal"
"Tirupati district","Madanapalle mandal"
"Tirupati district","Mulakalacheruvu mandal"
"Tirupati district","Narayanavanam mandal"
"Tirupati district","Nimmanapalle mandal"
"Tirupati district","Palamaner mandal"
"Tirupati district","Peddapanjani mandal"
"Tirupati district","Penumuru mandal"
"Tirupati district","Pichatur mandal"
"Tirupati district","Pulicherla mandal"
"Tirupati district","Punganur mandal"
"Tirupati district","Puthalapattu mandal"
"Tirupati district","Ramasamudram mandal"
"Tirupati district","Satyavedu mandal"
"Tirupati district","Srirangarajapuram mandal"
"Tirupati district","Thamballapalle mandal"
"Tirupati district","Thavanampalle mandal"
"Tirupati district","Tirupati mandal"
"Tirupati district","Varadaiahpalem mandal"
"Tirupati district","Vedurukuppam mandal"
"Tirupati district","Venkatagirikota mandal"
"Tirupati district","Yerpedu mandal"
"Visakhapatnam district","Anakapalle mandal"
"Visakhapatnam district","Araku Valley mandal"
"Visakhapatnam district","Bheemunipatnam mandal"
"Visakhapatnam district","Chintapalle mandal"
"Visakhapatnam district","Chodavaram mandal"
"Visakhapatnam district","Devarapalle mandal"
"Visakhapatnam district","Dumbriguda mandal"
"Visakhapatnam district","Etapaka mandal"
"Visakhapatnam district","G. Madugula mandal"
"Visakhapatnam district","Gajapathinagaram mandal"
"Visakhapatnam district","Gudem Kotha Veedhi mandal"
"Visakhapatnam district","Hukumpeta mandal"
"Visakhapatnam district","Kasimkota mandal"
"Visakhapatnam district","Kotauratla mandal"
"Visakhapatnam district","Koyyuru mandal"
"Visakhapatnam district","Kunavaram mandal"
"Visakhapatnam district","Makavarapalem mandal"
"Visakhapatnam district","Munchingi Puttu mandal"
"Visakhapatnam district","Munagapaka mandal"
"Visakhapatnam district","Nakkapalle mandal"
"Visakhapatnam district","Paderu mandal"
"Visakhapatnam district","Paravada mandal"
"Visakhapatnam district","Peda Bayalu mandal"
"Visakhapatnam district","Rambilli mandal"
"Visakhapatnam district","Ravikamatham mandal"
"Visakhapatnam district","Sabbavaram mandal"
"Visakhapatnam district","Sankhavaram mandal"
"Visakhapatnam district","Vararamachandrapuram mandal"
"Visakhapatnam district","Visakhapatnam mandal"
"Visakhapatnam district","Yelamanchili mandal"
"Vizianagaram district","Badangi mandal"
"Vizianagaram district","Bhogapuram mandal"
"Vizianagaram district","Bondapalle mandal"
"Vizianagaram district","Cheepurupalle mandal"
"Vizianagaram district","Denkada mandal"
"Vizianagaram district","Gajapathinagaram mandal"
"Vizianagaram district","Gantyada mandal"
"Vizianagaram district","Garividi mandal"
"Vizianagaram district","Gurla mandal"
"Vizianagaram district","Jami mandal"
"Vizianagaram district","Jiyyammavalasa mandal"
"Vizianagaram district","Kothavalasa mandal"
"Vizianagaram district","Kurupam mandal"
"Vizianagaram district","Lakkavarapukota mandal"
"Vizianagaram district","Merakamudidam mandal"
"Vizianagaram district","Nellimarla mandal"
"Vizianagaram district","Pachipenta mandal"
"Vizianagaram district","Parvathipuram mandal"
"Vizianagaram district","Pusapatirega mandal"
"Vizianagaram district","Ramabhadrapuram mandal"
"Vizianagaram district","Santhakaviti mandal"
"Vizianagaram district","Seethanagaram mandal"
"Vizianagaram district","Srungavarapukota mandal"
"Vizianagaram district","Therlam mandal"
"Vizianagaram district","Vepada mandal"
"Vizianagaram district","Vizianagaram mandal"
"West Godavari district","Achanta mandal"
"West Godavari district","Akividu mandal"
"West Godavari district","Attili mandal"
"West Godavari district","Bhimavaram mandal"
"West Godavari district","Buttayagudem mandal"
"West Godavari district","Chintalapudi mandal"
"West Godavari district","Devarapalle mandal"
"West Godavari district","Dwaraka Tirumala mandal"
"West Godavari district","Eluru mandal"
"West Godavari district","Gopalapuram mandal"
"West Godavari district","Iragavaram mandal"
"West Godavari district","Jangareddigudem mandal"
"West Godavari district","Kamavarapukota mandal"
"West Godavari district","Koyyalagudem mandal"
"West Godavari district","Kovvur mandal"
"West Godavari district","Lingapalem mandal"
"West Godavari district","Mogalthur mandal"
"West Godavari district","Nallajerla mandal"
"West Godavari district","Narsapuram mandal"
"West Godavari district","Nidadavole mandal"
"West Godavari district","Palacoderu mandal"
"West Godavari district","Pentapadu mandal"
"West Godavari district","Peravali mandal"
"West Godavari district","Polavaram mandal"
"West Godavari district","T.Narasapuram mandal"
"West Godavari district","Tadepalligudem mandal"
"West Godavari district","Tanuku mandal"
"West Godavari district","Undi mandal"
"West Godavari district","Undrajavaram mandal"
"West Godavari district","Veeravasaram mandal"
"West Godavari district","Vijayarai mandal"
"West Godavari district","Viravalli mandal" 